{
  "FilterHeaders": [
    {
      "Header": "user-agent",
      "IncludeInScript": false
    },
    {
      "Header": "pragma",
      "IncludeInScript": false
    },
    {
      "Header": "if-none-match",
      "IncludeInScript": false
    },
    {
      "Header": "if-modified-since",
      "IncludeInScript": false
    },
    {
      "Header": "cache-control",
      "IncludeInScript": false
    },
    {
      "Header": "accept-language",
      "IncludeInScript": false
    },
    {
      "Header": "accept-encoding",
      "IncludeInScript": false
    },
    {
      "Header": "accept",
      "IncludeInScript": false
    }
  ],
  "FilterResources": [
    {
      "IsNonResource": true,
      "type": "text/html"
    },
    {
      "IsNonResource": false,
      "type": "image/png"
    },
    {
      "IsNonResource": false,
      "type": "image/gif"
    }
  ],
  "GeneralInfo": {
    "BrowserVersion": "",
    "IsWinInetMode": false,
    "MaxUsedConnections": 7,
    "RecordedBrowser": "Internet Explorer",
    "RecordingDate": "май-17-2020",
    "RecordingDuration": 38766,
    "RecordingMode": "N/A",
    "RecordingTimeStamp": 1589746322,
    "RecordingType": "Browser",
    "TotalBytesReceived": 29203,
    "TotalBytesSent": 12774,
    "TotalRequests": 27,
    "UserAgent": "Mozilla/5.0 (Windows NT 10.0; WOW64; Trident/7.0; rv:11.0) like Gecko"
  },
  "HostInfo": [
    {
      "DomainName": "localhost",
      "Domains": [
        {
          "HTTPVersion": "HTTP/1.1",
          "IP": "[::1]",
          "IncludeInScript": true,
          "Name": "localhost",
          "Port": 1080,
          "Requests": [
            {
              "CompressionType": "",
              "DataType": "",
              "DownloadTime": 0,
              "EventId": 120,
              "HttpStatus": 304,
              "Size": 0,
              "URL": "http://localhost:1080/WebTours/home.html"
            },
            {
              "CompressionType": "",
              "DataType": "text/html",
              "DownloadTime": 46,
              "EventId": 117,
              "HttpStatus": 200,
              "Size": 1484,
              "URL": "http://localhost:1080/cgi-bin/nav.pl?in=home"
            },
            {
              "CompressionType": "",
              "DataType": "text/html",
              "DownloadTime": 47,
              "EventId": 112,
              "HttpStatus": 200,
              "Size": 686,
              "URL": "http://localhost:1080/cgi-bin/welcome.pl?signOff=1"
            },
            {
              "CompressionType": "",
              "DataType": "text/html",
              "DownloadTime": 47,
              "EventId": 93,
              "HttpStatus": 200,
              "Size": 2448,
              "URL": "http://localhost:1080/cgi-bin/reservations.pl"
            },
            {
              "CompressionType": "",
              "DataType": "",
              "DownloadTime": 0,
              "EventId": 80,
              "HttpStatus": 304,
              "Size": 0,
              "URL": "http://localhost:1080/WebTours/classes/FormDateUpdate.class"
            },
            {
              "CompressionType": "",
              "DataType": "image/gif",
              "DownloadTime": 31,
              "EventId": 69,
              "HttpStatus": 200,
              "Size": 758,
              "URL": "http://localhost:1080/WebTours/images/button_next.gif"
            },
            {
              "CompressionType": "",
              "DataType": "image/gif",
              "DownloadTime": 46,
              "EventId": 67,
              "HttpStatus": 200,
              "Size": 726,
              "URL": "http://localhost:1080/WebTours/images/in_flights.gif"
            },
            {
              "CompressionType": "",
              "DataType": "image/gif",
              "DownloadTime": 15,
              "EventId": 65,
              "HttpStatus": 200,
              "Size": 688,
              "URL": "http://localhost:1080/WebTours/images/home.gif"
            },
            {
              "CompressionType": "",
              "DataType": "text/html",
              "DownloadTime": 47,
              "EventId": 61,
              "HttpStatus": 200,
              "Size": 4246,
              "URL": "http://localhost:1080/cgi-bin/reservations.pl?page=welcome"
            },
            {
              "CompressionType": "",
              "DataType": "text/html",
              "DownloadTime": 63,
              "EventId": 58,
              "HttpStatus": 200,
              "Size": 1482,
              "URL": "http://localhost:1080/cgi-bin/nav.pl?page=menu&in=flights"
            },
            {
              "CompressionType": "",
              "DataType": "text/html",
              "DownloadTime": 31,
              "EventId": 55,
              "HttpStatus": 200,
              "Size": 616,
              "URL": "http://localhost:1080/cgi-bin/welcome.pl?page=search"
            },
            {
              "CompressionType": "",
              "DataType": "image/gif",
              "DownloadTime": 47,
              "EventId": 53,
              "HttpStatus": 200,
              "Size": 726,
              "URL": "http://localhost:1080/WebTours/images/flights.gif"
            },
            {
              "CompressionType": "",
              "DataType": "image/gif",
              "DownloadTime": 31,
              "EventId": 51,
              "HttpStatus": 200,
              "Size": 733,
              "URL": "http://localhost:1080/WebTours/images/itinerary.gif"
            },
            {
              "CompressionType": "",
              "DataType": "image/gif",
              "DownloadTime": 0,
              "EventId": 49,
              "HttpStatus": 200,
              "Size": 751,
              "URL": "http://localhost:1080/WebTours/images/signoff.gif"
            },
            {
              "CompressionType": "",
              "DataType": "image/gif",
              "DownloadTime": 0,
              "EventId": 47,
              "HttpStatus": 200,
              "Size": 688,
              "URL": "http://localhost:1080/WebTours/images/in_home.gif"
            },
            {
              "CompressionType": "",
              "DataType": "text/html",
              "DownloadTime": 62,
              "EventId": 40,
              "HttpStatus": 200,
              "Size": 1482,
              "URL": "http://localhost:1080/cgi-bin/nav.pl?page=menu&in=home"
            },
            {
              "CompressionType": "",
              "DataType": "text/html",
              "DownloadTime": 46,
              "EventId": 37,
              "HttpStatus": 200,
              "Size": 919,
              "URL": "http://localhost:1080/cgi-bin/login.pl?intro=true"
            },
            {
              "CompressionType": "",
              "DataType": "text/html",
              "DownloadTime": 47,
              "EventId": 34,
              "HttpStatus": 200,
              "Size": 481,
              "URL": "http://localhost:1080/cgi-bin/login.pl"
            },
            {
              "CompressionType": "",
              "DataType": "text/html",
              "DownloadTime": 15,
              "EventId": 32,
              "HttpStatus": 404,
              "Size": 209,
              "URL": "http://localhost:1080/favicon.ico"
            },
            {
              "CompressionType": "",
              "DataType": "image/gif",
              "DownloadTime": 31,
              "EventId": 30,
              "HttpStatus": 200,
              "Size": 679,
              "URL": "http://localhost:1080/WebTours/images/mer_login.gif"
            },
            {
              "CompressionType": "",
              "DataType": "text/html",
              "DownloadTime": 31,
              "EventId": 27,
              "HttpStatus": 200,
              "Size": 1490,
              "URL": "http://localhost:1080/cgi-bin/nav.pl?in=home"
            },
            {
              "CompressionType": "",
              "DataType": "text/html",
              "DownloadTime": 0,
              "EventId": 25,
              "HttpStatus": 200,
              "Size": 1361,
              "URL": "http://localhost:1080/WebTours/home.html"
            },
            {
              "CompressionType": "",
              "DataType": "image/png",
              "DownloadTime": 0,
              "EventId": 23,
              "HttpStatus": 200,
              "Size": 4187,
              "URL": "http://localhost:1080/WebTours/images/webtours.png"
            },
            {
              "CompressionType": "",
              "DataType": "image/png",
              "DownloadTime": 0,
              "EventId": 21,
              "HttpStatus": 200,
              "Size": 601,
              "URL": "http://localhost:1080/WebTours/images/hp_logo.png"
            },
            {
              "CompressionType": "",
              "DataType": "text/html",
              "DownloadTime": 31,
              "EventId": 18,
              "HttpStatus": 200,
              "Size": 686,
              "URL": "http://localhost:1080/cgi-bin/welcome.pl?signOff=true"
            },
            {
              "CompressionType": "",
              "DataType": "text/html",
              "DownloadTime": 16,
              "EventId": 16,
              "HttpStatus": 200,
              "Size": 710,
              "URL": "http://localhost:1080/WebTours/header.html"
            },
            {
              "CompressionType": "",
              "DataType": "text/html",
              "DownloadTime": 0,
              "EventId": 14,
              "HttpStatus": 200,
              "Size": 366,
              "URL": "http://localhost:1080/WebTours/"
            }
          ],
          "SSLCipher": "None",
          "SSLVersion": "None"
        }
      ],
      "IncludeInScript": true
    }
  ],
  "WebSocket": {
    "IncludeInScript": false,
    "IsScriptIncludeWebSocket": false
  },
  "NumberOfCorrelations": 6
}